{
    "name": "root",
    "gauges": {
        "AgentController.Policy.Entropy.mean": {
            "value": 1.420705795288086,
            "min": 1.4186666011810303,
            "max": 1.420705795288086,
            "count": 3
        },
        "AgentController.Policy.Entropy.sum": {
            "value": 14405.95703125,
            "min": 14405.95703125,
            "max": 14700.201171875,
            "count": 3
        },
        "AgentController.Step.mean": {
            "value": 29997.0,
            "min": 9945.0,
            "max": 29997.0,
            "count": 3
        },
        "AgentController.Step.sum": {
            "value": 29997.0,
            "min": 9945.0,
            "max": 29997.0,
            "count": 3
        },
        "AgentController.Policy.ExtrinsicValueEstimate.mean": {
            "value": -0.3855586349964142,
            "min": -0.45532670617103577,
            "max": -0.3043461740016937,
            "count": 3
        },
        "AgentController.Policy.ExtrinsicValueEstimate.sum": {
            "value": -67.08720397949219,
            "min": -78.77152252197266,
            "max": -52.34754180908203,
            "count": 3
        },
        "AgentController.Environment.EpisodeLength.mean": {
            "value": 412.3636363636364,
            "min": 396.3809523809524,
            "max": 435.4761904761905,
            "count": 3
        },
        "AgentController.Environment.EpisodeLength.sum": {
            "value": 9072.0,
            "min": 8324.0,
            "max": 9145.0,
            "count": 3
        },
        "AgentController.Environment.CumulativeReward.mean": {
            "value": -9.318181818181818,
            "min": -11.904761904761905,
            "max": -9.318181818181818,
            "count": 3
        },
        "AgentController.Environment.CumulativeReward.sum": {
            "value": -205.0,
            "min": -250.0,
            "max": -205.0,
            "count": 3
        },
        "AgentController.Policy.ExtrinsicReward.mean": {
            "value": -9.318181818181818,
            "min": -11.904761904761905,
            "max": -9.318181818181818,
            "count": 3
        },
        "AgentController.Policy.ExtrinsicReward.sum": {
            "value": -205.0,
            "min": -250.0,
            "max": -205.0,
            "count": 3
        },
        "AgentController.IsTraining.mean": {
            "value": 1.0,
            "min": 1.0,
            "max": 1.0,
            "count": 3
        },
        "AgentController.IsTraining.sum": {
            "value": 1.0,
            "min": 1.0,
            "max": 1.0,
            "count": 3
        },
        "HunterController.Policy.Entropy.mean": {
            "value": 1.4257581233978271,
            "min": 1.4189382791519165,
            "max": 1.4257581233978271,
            "count": 3
        },
        "HunterController.Policy.Entropy.sum": {
            "value": 14457.1875,
            "min": 14457.1875,
            "max": 14713.6181640625,
            "count": 3
        },
        "HunterController.Step.mean": {
            "value": 29997.0,
            "min": 9945.0,
            "max": 29997.0,
            "count": 3
        },
        "HunterController.Step.sum": {
            "value": 29997.0,
            "min": 9945.0,
            "max": 29997.0,
            "count": 3
        },
        "HunterController.Policy.ExtrinsicValueEstimate.mean": {
            "value": -0.23799574375152588,
            "min": -0.3358360528945923,
            "max": -0.08150245994329453,
            "count": 3
        },
        "HunterController.Policy.ExtrinsicValueEstimate.sum": {
            "value": -41.411258697509766,
            "min": -57.76380157470703,
            "max": -14.099925994873047,
            "count": 3
        },
        "HunterController.Environment.EpisodeLength.mean": {
            "value": 412.3636363636364,
            "min": 396.3809523809524,
            "max": 435.4761904761905,
            "count": 3
        },
        "HunterController.Environment.EpisodeLength.sum": {
            "value": 9072.0,
            "min": 8324.0,
            "max": 9145.0,
            "count": 3
        },
        "HunterController.Environment.CumulativeReward.mean": {
            "value": -15.0,
            "min": -15.0,
            "max": -11.428571428571429,
            "count": 3
        },
        "HunterController.Environment.CumulativeReward.sum": {
            "value": -330.0,
            "min": -330.0,
            "max": -240.0,
            "count": 3
        },
        "HunterController.Policy.ExtrinsicReward.mean": {
            "value": -15.0,
            "min": -15.0,
            "max": -11.428571428571429,
            "count": 3
        },
        "HunterController.Policy.ExtrinsicReward.sum": {
            "value": -330.0,
            "min": -330.0,
            "max": -240.0,
            "count": 3
        },
        "HunterController.IsTraining.mean": {
            "value": 1.0,
            "min": 1.0,
            "max": 1.0,
            "count": 3
        },
        "HunterController.IsTraining.sum": {
            "value": 1.0,
            "min": 1.0,
            "max": 1.0,
            "count": 3
        },
        "AgentController.Losses.PolicyLoss.mean": {
            "value": 0.022706647263839842,
            "min": 0.022706647263839842,
            "max": 0.024370871116116178,
            "count": 2
        },
        "AgentController.Losses.PolicyLoss.sum": {
            "value": 0.022706647263839842,
            "min": 0.022706647263839842,
            "max": 0.024370871116116178,
            "count": 2
        },
        "AgentController.Losses.ValueLoss.mean": {
            "value": 2.2763394872347513,
            "min": 2.2763394872347513,
            "max": 2.325786515076955,
            "count": 2
        },
        "AgentController.Losses.ValueLoss.sum": {
            "value": 2.2763394872347513,
            "min": 2.2763394872347513,
            "max": 2.325786515076955,
            "count": 2
        },
        "AgentController.Policy.LearningRate.mean": {
            "value": 0.00029692215102595,
            "min": 0.00029692215102595,
            "max": 0.00029846025051324997,
            "count": 2
        },
        "AgentController.Policy.LearningRate.sum": {
            "value": 0.00029692215102595,
            "min": 0.00029692215102595,
            "max": 0.00029846025051324997,
            "count": 2
        },
        "AgentController.Policy.Epsilon.mean": {
            "value": 0.19897405000000007,
            "min": 0.19897405000000007,
            "max": 0.19948675000000005,
            "count": 2
        },
        "AgentController.Policy.Epsilon.sum": {
            "value": 0.19897405000000007,
            "min": 0.19897405000000007,
            "max": 0.19948675000000005,
            "count": 2
        },
        "AgentController.Policy.Beta.mean": {
            "value": 0.004948805095000001,
            "min": 0.004948805095000001,
            "max": 0.004974388825000001,
            "count": 2
        },
        "AgentController.Policy.Beta.sum": {
            "value": 0.004948805095000001,
            "min": 0.004948805095000001,
            "max": 0.004974388825000001,
            "count": 2
        },
        "HunterController.Losses.PolicyLoss.mean": {
            "value": 0.016736601723823696,
            "min": 0.016736601723823696,
            "max": 0.025689404838097594,
            "count": 2
        },
        "HunterController.Losses.PolicyLoss.sum": {
            "value": 0.016736601723823696,
            "min": 0.016736601723823696,
            "max": 0.025689404838097594,
            "count": 2
        },
        "HunterController.Losses.ValueLoss.mean": {
            "value": 1.6301720857620239,
            "min": 1.586880240837733,
            "max": 1.6301720857620239,
            "count": 2
        },