{
    "name": "root",
    "gauges": {
        "HunterController.Policy.Entropy.mean": {
            "value": 1.428115963935852,
            "min": 1.419513463973999,
            "max": 1.4347028732299805,
            "count": 188
        },
        "HunterController.Policy.Entropy.sum": {
            "value": 14224.03515625,
            "min": 7267.9091796875,
            "max": 14724.845703125,
            "count": 188
        },
        "HunterController.Step.mean": {
            "value": 1999937.0,
            "min": 129958.0,
            "max": 1999937.0,
            "count": 188
        },
        "HunterController.Step.sum": {
            "value": 1999937.0,
            "min": 129958.0,
            "max": 1999937.0,
            "count": 188
        },
        "HunterController.Policy.ExtrinsicValueEstimate.mean": {
            "value": -3.120790958404541,
            "min": -3.214526653289795,
            "max": -0.6194718480110168,
            "count": 188
        },
        "HunterController.Policy.ExtrinsicValueEstimate.sum": {
            "value": -658.4868774414062,
            "min": -729.6763305664062,
            "max": -47.078407287597656,
            "count": 188
        },
        "HunterController.Environment.EpisodeLength.mean": {
            "value": 74.62406015037594,
            "min": 64.77777777777777,
            "max": 549.25,
            "count": 188
        },
        "HunterController.Environment.EpisodeLength.sum": {
            "value": 9925.0,
            "min": 192.0,
            "max": 11875.0,
            "count": 188
        },
        "HunterController.Environment.CumulativeReward.mean": {
            "value": -5.074626865671642,
            "min": -14.25,
            "max": -4.888888888888889,
            "count": 188
        },
        "HunterController.Environment.CumulativeReward.sum": {
            "value": -680.0,
            "min": -770.0,
            "max": -5.0,
            "count": 188
        },
        "HunterController.Policy.ExtrinsicReward.mean": {
            "value": -5.074626865671642,
            "min": -14.25,
            "max": -4.888888888888889,
            "count": 188
        },
        "HunterController.Policy.ExtrinsicReward.sum": {
            "value": -680.0,
            "min": -770.0,
            "max": -5.0,
            "count": 188
        },
        "HunterController.IsTraining.mean": {
            "value": 1.0,
            "min": 1.0,
            "max": 1.0,
            "count": 188
        },
        "HunterController.IsTraining.sum": {
            "value": 1.0,
            "min": 1.0,
            "max": 1.0,
            "count": 188
        },
        "AgentController.Policy.Entropy.mean": {
            "value": 1.3189802169799805,
            "min": 1.3189455270767212,
            "max": 1.4387362003326416,
            "count": 188
        },
        "AgentController.Policy.Entropy.sum": {
            "value": 13137.04296875,
            "min": 7339.06689453125,
            "max": 14790.2080078125,
            "count": 188
        },
        "AgentController.Step.mean": {
            "value": 1999937.0,
            "min": 129958.0,
            "max": 1999937.0,
            "count": 188
        },
        "AgentController.Step.sum": {
            "value": 1999937.0,
            "min": 129958.0,
            "max": 1999937.0,
            "count": 188
        },
        "AgentController.Policy.ExtrinsicValueEstimate.mean": {
            "value": 18.263938903808594,
            "min": -0.0654052272439003,
            "max": 18.9243221282959,
            "count": 188
        },
        "AgentController.Policy.ExtrinsicValueEstimate.sum": {
            "value": 3853.69091796875,
            "min": -10.922673225402832,
            "max": 4251.21875,
            "count": 188
        },
        "AgentController.Environment.EpisodeLength.mean": {
            "value": 74.62406015037594,
            "min": 64.77777777777777,
            "max": 549.25,
            "count": 188
        },
        "AgentController.Environment.EpisodeLength.sum": {
            "value": 9925.0,
            "min": 192.0,
            "max": 11875.0,
            "count": 188
        },
        "AgentController.Environment.CumulativeReward.mean": {
            "value": 34.55223880597015,
            "min": -7.5,
            "max": 35.0,
            "count": 188
        },
        "AgentController.Environment.CumulativeReward.sum": {
            "value": 4630.0,
            "min": -150.0,
            "max": 5370.0,
            "count": 188
        },
        "AgentController.Policy.ExtrinsicReward.mean": {
            "value": 34.55223880597015,
            "min": -7.5,
            "max": 35.0,
            "count": 188
        },
        "AgentController.Policy.ExtrinsicReward.sum": {
            "value": 4630.0,
            "min": -150.0,
            "max": 5370.0,
            "count": 188
        },
        "AgentController.IsTraining.mean": {
            "value": 1.0,
            "min": 1.0,
            "max": 1.0,
            "count": 188
        },
        "AgentController.IsTraining.sum": {
            "value": 1.0,
            "min": 1.0,
            "max": 1.0,
            "count": 188
        },
        "HunterController.Losses.PolicyLoss.mean": {
            "value": 0.02037048891118805,
            "min": 0.016432177214543722,
            "max": 0.034367062279488894,
            "count": 182
        },
        "HunterController.Losses.PolicyLoss.sum": {
            "value": 0.02037048891118805,
            "min": 0.016432177214543722,
            "max": 0.034367062279488894,
            "count": 182
        },
        "HunterController.Losses.ValueLoss.mean": {
            "value": 0.33474208613236744,
            "min": 0.022792995038131873,
            "max": 3.1090767939885455,
            "count": 182
        },
        "HunterController.Losses.ValueLoss.sum": {
            "value": 0.33474208613236744,
            "min": 0.022792995038131873,
            "max": 3.1090767939885455,
            "count": 182
        },
        "HunterController.Policy.LearningRate.mean": {
            "value": 4.2849985719999545e-07,
            "min": 4.2849985719999545e-07,
            "max": 0.00027958920680359997,
            "count": 182
        },
        "HunterController.Policy.LearningRate.sum": {
            "value": 4.2849985719999545e-07,
            "min": 4.2849985719999545e-07,
            "max": 0.00027958920680359997,
            "count": 182
        },
        "HunterController.Policy.Epsilon.mean": {
            "value": 0.1001428,
            "min": 0.1001428,
            "max": 0.19319639999999996,
            "count": 182
        },
        "HunterController.Policy.Epsilon.sum": {
            "value": 0.1001428,
            "min": 0.1001428,
            "max": 0.19319639999999996,
            "count": 182
        },
        "HunterController.Policy.Beta.mean": {
            "value": 1.7125719999999928e-05,
            "min": 1.7125719999999928e-05,
            "max": 0.004660500359999999,
            "count": 182
        },
        "HunterController.Policy.Beta.sum": {
            "value": 1.7125719999999928e-05,
            "min": 1.7125719999999928e-05,
            "max": 0.004660500359999999,
            "count": 182
        },
        "AgentController.Losses.PolicyLoss.mean": {
            "value": 0.026429290367135157,
            "min": 0.014561716983250032,
            "max": 0.03557776496745646,
            "count": 182
        },
        "AgentController.Losses.PolicyLoss.sum": {
            "value": 0.026429290367135157,
            "min": 0.014561716983250032,
            "max": 0.03557776496745646,
            "count": 182
        },
        "AgentController.Losses.ValueLoss.mean": {
            "value": 10.65133358637492,
            "min": 1.2067841470241547,
            "max": 12.770360406239828,
            "count": 182
        },